{"cameraMode":{"drawMode":0,"name":"Shaded","section":"Shading Mode"},"sceneLighting":false,"audioPlay":false,"sceneViewState":{"showFog":true,"showMaterialUpdate":false,"showSkybox":false,"showFlares":true,"showImageEffects":true,"showParticleSystems":true},"in2DMode":false,"pivot":{"x":343.3515625,"y":-45.07624053955078,"z":779.3906860351563},"rotation":{"x":-0.14043688774108888,"y":-0.07476145774126053,"z":0.010637673549354077,"w":-0.9872073531150818},"size":559.7227172851563,"orthographic":false}