{"cameraMode":{"drawMode":0,"name":"Shaded","section":"Shading Mode"},"sceneLighting":false,"audioPlay":false,"sceneViewState":{"showFog":true,"showMaterialUpdate":false,"showSkybox":false,"showFlares":true,"showImageEffects":true,"showParticleSystems":true},"in2DMode":false,"pivot":{"x":-28.346271514892579,"y":23.348478317260743,"z":-30.90068244934082},"rotation":{"x":0.05932701379060745,"y":-0.9406490325927734,"z":0.23950637876987458,"w":0.23318743705749513},"size":1.4142135381698609,"orthographic":false}