{"cameraMode":{"drawMode":0,"name":"Shaded","section":"Shading Mode"},"sceneLighting":true,"audioPlay":false,"sceneViewState":{"showFog":true,"showMaterialUpdate":false,"showSkybox":true,"showFlares":true,"showImageEffects":true,"showParticleSystems":true},"in2DMode":false,"pivot":{"x":36.066123962402347,"y":14.466190338134766,"z":57.023834228515628},"rotation":{"x":-0.022718604654073716,"y":-0.964701235294342,"z":0.24715733528137208,"w":-0.08851694315671921},"size":87.09778594970703,"orthographic":false}