{"cameraMode":{"drawMode":0,"name":"Shaded","section":"Shading Mode"},"sceneLighting":true,"audioPlay":false,"sceneViewState":{"showFog":true,"showMaterialUpdate":false,"showSkybox":true,"showFlares":true,"showImageEffects":true,"showParticleSystems":true},"in2DMode":false,"pivot":{"x":498.3748474121094,"y":148.2763671875,"z":-349.7286376953125},"rotation":{"x":-0.00014436697529163212,"y":0.9996901750564575,"z":-0.007808985188603401,"w":-0.02489824779331684},"size":195.6372833251953,"orthographic":false}