{"cameraMode":{"drawMode":0,"name":"Shaded","section":"Shading Mode"},"sceneLighting":true,"audioPlay":false,"sceneViewState":{"showFog":true,"showMaterialUpdate":false,"showSkybox":true,"showFlares":true,"showImageEffects":true,"showParticleSystems":true},"in2DMode":false,"pivot":{"x":516.72998046875,"y":154.2714385986328,"z":13.560096740722657},"rotation":{"x":-0.0008642607135698199,"y":0.9817579984664917,"z":-0.004732016008347273,"w":-0.1902371644973755},"size":10.0,"orthographic":false}