{"cameraMode":{"drawMode":0,"name":"Shaded","section":"Shading Mode"},"sceneLighting":true,"audioPlay":false,"sceneViewState":{"showFog":true,"showMaterialUpdate":false,"showSkybox":true,"showFlares":true,"showImageEffects":true,"showParticleSystems":true},"in2DMode":false,"pivot":{"x":7.035305023193359,"y":78.30303192138672,"z":79.34832763671875},"rotation":{"x":0.002187543548643589,"y":-0.7416443228721619,"z":0.6708364486694336,"w":0.0024802042171359064},"size":99.57846069335938,"orthographic":false}