{"cameraMode":{"drawMode":0,"name":"Shaded","section":"Shading Mode"},"sceneLighting":false,"audioPlay":false,"sceneViewState":{"showFog":true,"showMaterialUpdate":false,"showSkybox":false,"showFlares":true,"showImageEffects":true,"showParticleSystems":true},"in2DMode":false,"pivot":{"x":242.6393585205078,"y":-276.9499206542969,"z":995.0371704101563},"rotation":{"x":0.2520904839038849,"y":-0.05802687257528305,"z":0.015142939053475857,"w":0.9658465385437012},"size":716.3274536132813,"orthographic":false}