{"cameraMode":{"drawMode":0,"name":"Shaded","section":"Shading Mode"},"sceneLighting":true,"audioPlay":false,"sceneViewState":{"showFog":true,"showMaterialUpdate":false,"showSkybox":true,"showFlares":true,"showImageEffects":true,"showParticleSystems":true},"in2DMode":false,"pivot":{"x":-288.3369140625,"y":-96.8213882446289,"z":770.566650390625},"rotation":{"x":0.3210352659225464,"y":-0.10202009975910187,"z":0.03480914607644081,"w":0.9409160017967224},"size":61.61410140991211,"orthographic":false}