{"cameraMode":{"drawMode":0,"name":"Shaded","section":"Shading Mode"},"sceneLighting":true,"audioPlay":false,"sceneViewState":{"showFog":true,"showMaterialUpdate":false,"showSkybox":true,"showFlares":true,"showImageEffects":true,"showParticleSystems":true},"in2DMode":false,"pivot":{"x":-948.7505493164063,"y":22.82854461669922,"z":1085.809326171875},"rotation":{"x":0.3210352659225464,"y":-0.10202009975910187,"z":0.03480914607644081,"w":0.9409160017967224},"size":310.7348327636719,"orthographic":false}