{"cameraMode":{"drawMode":0,"name":"Shaded","section":"Shading Mode"},"sceneLighting":true,"audioPlay":false,"sceneViewState":{"showFog":true,"showMaterialUpdate":false,"showSkybox":true,"showFlares":true,"showImageEffects":true,"showParticleSystems":true},"in2DMode":false,"pivot":{"x":196.94235229492188,"y":226.5802001953125,"z":18.621187210083009},"rotation":{"x":-0.013529587537050248,"y":-0.7095170021057129,"z":0.7044414281845093,"w":-0.013625208288431168},"size":127.8810806274414,"orthographic":false}