{"cameraMode":{"drawMode":0,"name":"Shaded","section":"Shading Mode"},"sceneLighting":true,"audioPlay":false,"sceneViewState":{"showFog":true,"showMaterialUpdate":false,"showSkybox":true,"showFlares":true,"showImageEffects":true,"showParticleSystems":true},"in2DMode":false,"pivot":{"x":53.582557678222659,"y":173.13949584960938,"z":47.11113739013672},"rotation":{"x":0.0035406823735684158,"y":-0.7211647033691406,"z":0.6927560567855835,"w":0.0036803518887609245},"size":10.0,"orthographic":false}