{"cameraMode":{"drawMode":0,"name":"Shaded","section":"Shading Mode"},"sceneLighting":true,"audioPlay":false,"sceneViewState":{"showFog":true,"showMaterialUpdate":false,"showSkybox":true,"showFlares":true,"showImageEffects":true,"showParticleSystems":true},"in2DMode":false,"pivot":{"x":-25.198204040527345,"y":-96.55033874511719,"z":-167.43853759765626},"rotation":{"x":0.0010194958886131645,"y":-0.9978175759315491,"z":-0.06413952261209488,"w":-0.015859801322221757},"size":7.341543197631836,"orthographic":true}