{"cameraMode":{"drawMode":0,"name":"Shaded","section":"Shading Mode"},"sceneLighting":true,"audioPlay":false,"sceneViewState":{"showFog":true,"showMaterialUpdate":false,"showSkybox":true,"showFlares":true,"showImageEffects":true,"showParticleSystems":true},"in2DMode":false,"pivot":{"x":-1.4422664642333985,"y":13.30679988861084,"z":11.144659042358399},"rotation":{"x":-0.016618262976408006,"y":0.9515709280967712,"z":-0.30251795053482058,"w":-0.05227930471301079},"size":7.071067810058594,"orthographic":false}