{"cameraMode":{"drawMode":0,"name":"Shaded","section":"Shading Mode"},"sceneLighting":true,"audioPlay":false,"sceneViewState":{"showFog":true,"showMaterialUpdate":false,"showSkybox":true,"showFlares":true,"showImageEffects":true,"showParticleSystems":true},"in2DMode":false,"pivot":{"x":5.553449630737305,"y":3.3196663856506349,"z":1.5464763641357422},"rotation":{"x":-0.016121534630656244,"y":-0.7806345820426941,"z":0.020151391625404359,"w":-0.6244661211967468},"size":8.267430305480957,"orthographic":false}