{"cameraMode":{"drawMode":0,"name":"Shaded","section":"Shading Mode"},"sceneLighting":true,"audioPlay":false,"sceneViewState":{"showFog":true,"showMaterialUpdate":false,"showSkybox":true,"showFlares":true,"showImageEffects":true,"showParticleSystems":true},"in2DMode":false,"pivot":{"x":2.734738349914551,"y":-0.048888206481933597,"z":-2.9797306060791017},"rotation":{"x":-0.060760192573070529,"y":-0.8969454765319824,"z":0.13034382462501527,"w":-0.4181174039840698},"size":5.667307376861572,"orthographic":false}