{"cameraMode":{"drawMode":0,"name":"Shaded","section":"Shading Mode"},"sceneLighting":true,"audioPlay":false,"sceneViewState":{"showFog":true,"showMaterialUpdate":false,"showSkybox":true,"showFlares":true,"showImageEffects":true,"showParticleSystems":true},"in2DMode":false,"pivot":{"x":-107.75320434570313,"y":169.87115478515626,"z":173.6308135986328},"rotation":{"x":0.12971465289592744,"y":0.8444091081619263,"z":-0.23670920729637147,"w":0.46273094415664675},"size":23.03580665588379,"orthographic":false}